name,Price
"Apple iPhone SE (Black, 64 GB)","₹42,500"
"Apple iPhone SE (White, 64 GB)","₹42,500"
"Apple iPhone SE (Red, 64 GB)","₹42,500"
"Apple iPhone 11 (Black, 64 GB)","₹68,300"
"Apple iPhone 11 (White, 64 GB)","₹68,300"
"Apple iPhone 7 (Black, 32 GB)","₹29,499"
"Apple iPhone 11 (Green, 128 GB)","₹73,600"
"Apple iPhone 11 (Black, 128 GB)","₹73,600"
"Apple iPhone XR (Black, 64 GB)","₹52,500"
"Apple iPhone 11 (White, 128 GB)","₹73,600"
"Apple iPhone 11 (Green, 64 GB)","₹68,300"
"Apple iPhone 11 (Purple, 128 GB)","₹73,600"
"Dainty Tempered Glass Guard for Apple iPhone SE 2020, Apple iPhone SE 2, Apple iphone 6s, Apple iPhone...",₹192
"Flipkart SmartBuy Tempered Glass Guard for Apple iPhone SE, Apple iPhone SE 2020",₹199
"Apple iPhone 11 (Red, 128 GB)","₹73,600"
"Apple iPhone 11 (Purple, 64 GB)","₹68,300"
"Apple iPhone XR (White, 128 GB)","₹57,800"
"Apple iPhone XR (White, 64 GB)","₹52,500"
"Apple iPhone 7 Plus (Black, 32 GB)","₹36,999"
Ratez Tempered Glass Guard for Apple iPhone 11,₹159
"Apple iPhone 11 (Red, 64 GB)","₹68,300"
"Apple iPhone 7 Plus (Rose Gold, 32 GB)","₹36,999"
"Apple iPhone 7 Plus (Gold, 32 GB)","₹36,999"
Cospex Edge To Edge Tempered Glass for Apple iPhone XS Max,₹249
